all, 1 
coach, 2 
less, 1 
RAI,, 1 
guided, 1 
mission, 1 
replenish, 1 
four, 5 
Sunday, 3 
mission.
, 1 
through, 1 
narrow,, 1 
adding, 1 
We, 1 
depend, 1 
northern, 1 
had, 1 
SEALS, 1 
whether, 1 
crack, 1 
Osottanakorn,, 1 
time),, 1 
soccer, 1 
remaining, 3 
then, 1 
rice:, 2 
rescue, 2 
fast-flowing,, 1 
practice, 1 
five, 3 
they, 3 
reporters, 1 
mission,, 1 
bank, 1 
oxygen, 1 
Monday.
, 1 
race, 1 
supplies,, 1 
team, 2 
Health, 2 
went, 1 
freed, 1 
where, 1 
Luang, 1 
heavy, 1 
A, 1 
set, 1 
freed,, 1 
people, 1 
depends, 1 
added, 1 
are, 1 
COVERAGE
, 1 
further, 1 
operation, 1 
mission
, 2 
out, 2 
said, 1 
effort,, 1 
for, 3 
clock, 1 
good':, 2 
Healthy, 2 
refined,, 1 
Eight, 1 
weather.
, 1 
Thai, 5 
safe,”, 1 
Tham, 1 
told, 1 
be, 1 
plan..., 1 
rescuers, 1 
hours, 1 
replan, 1 
But, 1 
demanding, 2 
others, 1 
20, 1 
come, 1 
'still, 2 
change, 1 
on, 8 
(Reuters), 1 
Monday, 2 
of, 8 
against, 1 
foreign, 1 
became, 1 
submerged, 1 
Navy, 1 
(at, 1 
water.
, 1 
first, 2 
plan.”
, 1 

, 6 
channels, 1 
rising, 1 
RELATED, 1 
labyrinthine, 1 
Narongsak, 1 
from, 3 
would, 2 
to, 5 
muddy, 1 
smoothly, 1 
two, 2 
been, 2 
next, 2 
their, 2 
expected, 1 
Thailand, 2 
said:, 1 
more, 4 
head, 3 
that, 1 
started, 1 
Monday,, 1 
took, 1 
boys, 5 
with, 3 
than, 3 
those, 1 
he, 3 
12, 1 
rescuing, 1 
this, 1 
inside, 3 
will, 1 
Boars”, 1 
fried, 2 
hours,, 1 
and, 7 
want, 1 
is, 1 
“All, 1 
deep, 1 
ready, 1 
as, 1 
at, 2 
have, 3 
in, 5 
need, 2 
said.
, 1 
if, 1 
again, 1 
cave, 6 
-, 1 
mount, 1 
same, 2 
flood, 1 
complex, 1 
weeks.
, 1 
take, 1 
which, 2 
“It, 1 
divers, 1 
tunnels, 1 
week, 1 
hospital,, 1 
may, 1 
“Wild, 1 
flooded, 1 
rain, 1 
CHIANG, 1 
arrived, 1 
plan, 1 
authorities, 1 
The, 2 
Asked, 1 
a, 3 
hospital
, 2 
rescued, 2 
stranded, 1 
trapped, 1 
so, 1 
time, 2 
the, 18 
